{
 "Logistic Regression": {
  "mean": 0.8216162801029251,
  "ci_low": 0.7853135389252796,
  "ci_high": 0.8568012389924392
 },
 "Gradient Boosting": {
  "mean": 0.8170362366770505,
  "ci_low": 0.7795334969936618,
  "ci_high": 0.854230751547544
 },
 "StatsBomb xG": {
  "mean": 0.8389234517898638,
  "ci_low": 0.8049757528336151,
  "ci_high": 0.8721707083838235
 }
}