{
 "Logistic Regression": {
  "mean": 0.7995875878711507,
  "ci_low": 0.7739730708060014,
  "ci_high": 0.82405888840701
 },
 "Gradient Boosting": {
  "mean": 0.8010700819210612,
  "ci_low": 0.7747022059514984,
  "ci_high": 0.8256879991473149
 },
 "XGBoost": {
  "mean": 0.801562619929664,
  "ci_low": 0.7750718791747213,
  "ci_high": 0.8263391161812002
 },
 "StatsBomb xG": {
  "mean": 0.8239571536901811,
  "ci_low": 0.7991635816519002,
  "ci_high": 0.8465548764608101
 }
}