model,auc_mean,ci_lo,ci_hi
Logistic Regression,0.7932981693842107,0.7341436665994145,0.8481938833402123
Gradient Boosting,0.771289437353982,0.7108328865206307,0.8324745615263175
StatsBomb xG,0.8107783176012819,0.7536404859515112,0.8649853389743263
