name,mean,ci_low,ci_high
Logistic Regression,0.8216162801029251,0.7853135389252796,0.8568012389924392
Gradient Boosting,0.8170362366770505,0.7795334969936618,0.854230751547544
StatsBomb xG,0.8389234517898638,0.8049757528336151,0.8721707083838235
