name,cv_auc_mean,cv_auc_std,cv_brier_mean,cv_brier_std,cv_logloss_mean,cv_logloss_std
Logistic Regression,0.7836980693373864,0.02951766118602869,0.06907055986615943,0.001777835783589775,0.25146271820624,0.01047960156853548
Gradient Boosting,0.7763435475699344,0.024372248907721144,0.07140916690466156,0.001468971611260132,0.2566321585718755,0.006471021109075612
