name,cv_auc_mean,cv_auc_std,cv_brier_mean,cv_brier_std,cv_logloss_mean,cv_logloss_std
Logistic Regression,0.7827526041549875,0.01584533924418611,0.0735078622947246,0.0027757450312393445,0.26115900728709335,0.008720390845705141
Gradient Boosting,0.7797671966130888,0.019814451083031873,0.0735610505086291,0.0019639263638296096,0.26074289163831316,0.007452520479321423
