{"numeric_features": ["distance", "distance_sq", "angle_deg", "angle_x_distance", "log_distance", "under_pressure", "first_time", "one_on_one", "aerial_won", "n_opponents_close", "gk_positioned", "header", "is_free_kick"], "scaler_mean": [18.930129967006167, 435.4984173242002, 25.729190001434514, 381.308217855401, 2.8876417024545438, 0.21503371108879643, 0.31616697747812367, 0.05092526179888108, 0.09675799741787405, 0.9569645674939034, 0.999282742791565, 0.17687562760005737, 0.04181609525175728], "scaler_scale": [8.783427392336964, 415.681304506393, 16.166468172556147, 72.44318994161618, 0.4760158174450565, 0.4108457303954569, 0.46497894557761577, 0.21984512619022628, 0.29562795428300875, 0.925660997064978, 0.02677205166833302, 0.3815634153861494, 0.20016870242286441], "cat_feature_names": ["technique_Backheel", "technique_Diving Header", "technique_Half Volley", "technique_Lob", "technique_Normal", "technique_Overhead Kick", "technique_Volley", "play_pattern_From Corner", "play_pattern_From Counter", "play_pattern_From Free Kick", "play_pattern_From Goal Kick", "play_pattern_From Keeper", "play_pattern_From Kick Off", "play_pattern_From Throw In", "play_pattern_Other", "play_pattern_Regular Play", "assist_type_Corner", "assist_type_Cross", "assist_type_CutBack", "assist_type_FreeKickPass", "assist_type_None", "assist_type_OtherPass", "assist_type_ThroughBall"], "categories": {"technique": ["Backheel", "Diving Header", "Half Volley", "Lob", "Normal", "Overhead Kick", "Volley"], "play_pattern": ["From Corner", "From Counter", "From Free Kick", "From Goal Kick", "From Keeper", "From Kick Off", "From Throw In", "Other", "Regular Play"], "assist_type": ["Corner", "Cross", "CutBack", "FreeKickPass", "None", "OtherPass", "ThroughBall"]}, "coef": [-0.7982150674682478, 0.025943681695827888, 0.1527603967785094, 0.31489713525857044, -0.6470705094805879, 0.02253333392373035, -0.04133646341694973, 0.10145665664436448, -0.16458289626761582, -0.2803128262214964, -0.0496875341878798, -0.3333952966682013, 0.18675504791816183, -0.42435681251258084, 0.001955878933709465, -0.2722259770448562, 0.8625291166583967, 0.2248840783687063, -0.2704899801505383, -0.23910501984729868, -0.23004285217970905, 0.3328615120241168, -0.03829655611078816, 0.11273728213026761, 0.13536559750947116, -0.21541252507980507, -0.10976765544646891, -0.1244064241829469, 0.020152905741397945, -0.43726458789558026, -0.3519852460453273, 0.015973706661272333, 0.00203328838666528, -0.14440307322284812, -0.09567974429610623, 0.8945169408174658], "intercept": -2.699494608798575, "all_feat_names": ["distance", "distance_sq", "angle_deg", "angle_x_distance", "log_distance", "under_pressure", "first_time", "one_on_one", "aerial_won", "n_opponents_close", "gk_positioned", "header", "is_free_kick", "technique_Backheel", "technique_Diving Header", "technique_Half Volley", "technique_Lob", "technique_Normal", "technique_Overhead Kick", "technique_Volley", "play_pattern_From Corner", "play_pattern_From Counter", "play_pattern_From Free Kick", "play_pattern_From Goal Kick", "play_pattern_From Keeper", "play_pattern_From Kick Off", "play_pattern_From Throw In", "play_pattern_Other", "play_pattern_Regular Play", "assist_type_Corner", "assist_type_Cross", "assist_type_CutBack", "assist_type_FreeKickPass", "assist_type_None", "assist_type_OtherPass", "assist_type_ThroughBall"]}