{"numeric_features": ["distance", "distance_sq", "angle_deg", "angle_x_distance", "log_distance", "under_pressure", "first_time", "one_on_one", "aerial_won", "n_opponents_close", "gk_positioned", "header", "is_free_kick"], "scaler_mean": [18.876777543648405, 432.4611660936183, 26.207379891631547, 380.4153915945214, 2.8802744189136944, 0.21131848284166166, 0.2712221553281156, 0.034015653220951236, 0.09181216134858519, 0.894942805538832, 0.9993979530403372, 0.19084888621312462, 0.03822998193859121], "scaler_scale": [8.725161067924741, 380.02045308905394, 17.530424517013607, 74.21824125062861, 0.4919779249350384, 0.4082437772350731, 0.4445904832396744, 0.1812693811897178, 0.2887606073845367, 0.9141892772603232, 0.024529258022231624, 0.39297021368589047, 0.1917510115216246], "cat_feature_names": ["technique_Backheel", "technique_Diving Header", "technique_Half Volley", "technique_Lob", "technique_Normal", "technique_Overhead Kick", "technique_Volley", "play_pattern_From Corner", "play_pattern_From Counter", "play_pattern_From Free Kick", "play_pattern_From Goal Kick", "play_pattern_From Keeper", "play_pattern_From Kick Off", "play_pattern_From Throw In", "play_pattern_Other", "play_pattern_Regular Play", "assist_type_Corner", "assist_type_Cross", "assist_type_CutBack", "assist_type_FreeKickPass", "assist_type_None", "assist_type_OtherPass", "assist_type_ThroughBall"], "categories": {"technique": ["Backheel", "Diving Header", "Half Volley", "Lob", "Normal", "Overhead Kick", "Volley"], "play_pattern": ["From Corner", "From Counter", "From Free Kick", "From Goal Kick", "From Keeper", "From Kick Off", "From Throw In", "Other", "Regular Play"], "assist_type": ["Corner", "Cross", "CutBack", "FreeKickPass", "None", "OtherPass", "ThroughBall"]}, "coef": [-0.3644065231243278, -0.0509132539643705, 0.38247500016759717, 0.2042899864440164, -0.45846163442008914, -0.10780659189754492, 0.06522240230162585, 0.19660712745181058, -0.13837045913430537, -0.29892589966828853, 0.05148885994182586, -0.1750772173032709, 0.11133825565231964, -0.05176761839244989, 0.04048641420139581, -0.1182870128440173, 0.2545151001801571, 0.3445232277210385, -0.19624802249629017, -0.27639721253347044, -0.37100796268076625, 0.1573039053437326, -0.020840028986629816, 0.017729161086351704, 0.15749143858061243, -0.12428101814080844, -0.006903766879459322, 0.08102402937721695, 0.10630911813611382, -0.016047522236233982, -0.28391801295336094, -0.03372036569612955, 0.04065569024090367, -0.03989338494906106, -0.21674841753142984, 0.5464968889616751], "intercept": -2.8174259777101884, "all_feat_names": ["distance", "distance_sq", "angle_deg", "angle_x_distance", "log_distance", "under_pressure", "first_time", "one_on_one", "aerial_won", "n_opponents_close", "gk_positioned", "header", "is_free_kick", "technique_Backheel", "technique_Diving Header", "technique_Half Volley", "technique_Lob", "technique_Normal", "technique_Overhead Kick", "technique_Volley", "play_pattern_From Corner", "play_pattern_From Counter", "play_pattern_From Free Kick", "play_pattern_From Goal Kick", "play_pattern_From Keeper", "play_pattern_From Kick Off", "play_pattern_From Throw In", "play_pattern_Other", "play_pattern_Regular Play", "assist_type_Corner", "assist_type_Cross", "assist_type_CutBack", "assist_type_FreeKickPass", "assist_type_None", "assist_type_OtherPass", "assist_type_ThroughBall"]}