{"numeric_features": ["distance", "distance_sq", "angle_deg", "angle_x_distance", "log_distance", "under_pressure", "first_time", "one_on_one", "aerial_won", "n_opponents_close", "gk_positioned", "header", "is_free_kick"], "scaler_mean": [18.74501301421092, 429.479493429469, 26.241896484667162, 381.1067972966342, 2.8744479303836377, 0.2275243081525804, 0.2931937172774869, 0.041286462228870606, 0.09842931937172775, 0.962303664921466, 0.9994016454749439, 0.18773373223635004, 0.03694839192221391], "scaler_scale": [8.83764564386535, 416.3742395388094, 16.827899847474857, 73.88764976906211, 0.4857774967595898, 0.41923382181340046, 0.45522649464469445, 0.19895197979787643, 0.29789425717819096, 0.9482101805670887, 0.02445396689534115, 0.39049939566785563, 0.18863511936163], "cat_feature_names": ["technique_Backheel", "technique_Diving Header", "technique_Half Volley", "technique_Lob", "technique_Normal", "technique_Overhead Kick", "technique_Volley", "play_pattern_From Corner", "play_pattern_From Counter", "play_pattern_From Free Kick", "play_pattern_From Goal Kick", "play_pattern_From Keeper", "play_pattern_From Kick Off", "play_pattern_From Throw In", "play_pattern_Other", "play_pattern_Regular Play", "assist_type_Corner", "assist_type_Cross", "assist_type_CutBack", "assist_type_FreeKickPass", "assist_type_None", "assist_type_OtherPass", "assist_type_ThroughBall"], "categories": {"technique": ["Backheel", "Diving Header", "Half Volley", "Lob", "Normal", "Overhead Kick", "Volley"], "play_pattern": ["From Corner", "From Counter", "From Free Kick", "From Goal Kick", "From Keeper", "From Kick Off", "From Throw In", "Other", "Regular Play"], "assist_type": ["Corner", "Cross", "CutBack", "FreeKickPass", "None", "OtherPass", "ThroughBall"]}, "coef": [-1.0583358940926844, 0.5587798964057036, 0.046051607597065766, 0.2939373294843184, -0.6737241490790927, -0.032148463687063984, 0.04444504870299982, 0.10182326861130656, -0.1509034871593686, -0.24719809423963626, -0.045092515064884896, -0.23534090414203065, 0.10877557836983921, -0.43110775390082623, -0.01360940169652739, -0.2726371865638853, 1.4452528609219697, 0.30487556257111925, -0.9485136092534164, -0.31555343203823283, -0.22501245574578044, 0.160906067121655, 0.02783349275688531, 0.17967032205181094, 0.031619387521876256, -0.20806810532084719, -0.127706863657631, -0.03180321693872478, -0.03873158774904327, -0.534462965350406, -0.41842501254563225, 0.12583534055459392, 0.026862243862490354, -0.15570215930924097, -0.29733694209064454, 1.0219365349190412], "intercept": -2.6057887461099263, "all_feat_names": ["distance", "distance_sq", "angle_deg", "angle_x_distance", "log_distance", "under_pressure", "first_time", "one_on_one", "aerial_won", "n_opponents_close", "gk_positioned", "header", "is_free_kick", "technique_Backheel", "technique_Diving Header", "technique_Half Volley", "technique_Lob", "technique_Normal", "technique_Overhead Kick", "technique_Volley", "play_pattern_From Corner", "play_pattern_From Counter", "play_pattern_From Free Kick", "play_pattern_From Goal Kick", "play_pattern_From Keeper", "play_pattern_From Kick Off", "play_pattern_From Throw In", "play_pattern_Other", "play_pattern_Regular Play", "assist_type_Corner", "assist_type_Cross", "assist_type_CutBack", "assist_type_FreeKickPass", "assist_type_None", "assist_type_OtherPass", "assist_type_ThroughBall"]}