name,auc,brier,log_loss,avg_precision
Logistic Regression,0.7994745792192797,0.07376809991273285,0.2607863963074087,0.39556788115034036
Gradient Boosting,0.8008262956493419,0.0738070424039825,0.2605604123230407,0.40160390783641836
XGBoost,0.8013698503397333,0.07374790444796801,0.2605318801750332,0.40352284737491956
StatsBomb xG (reference),0.8237735555785828,0.07082196780084192,0.24967529582548895,0.43907543593487086
