name,auc,brier,log_loss,avg_precision
Logistic Regression,0.793015873015873,0.07144074726668344,0.25263098873107176,0.32505419360117505
Gradient Boosting,0.7705379188712522,0.07115399031221945,0.2558806566090601,0.3496648849743911
StatsBomb xG (reference),0.8106701940035275,0.06862646702530739,0.24436299466060343,0.38230727878140003
