{
 "n_boot": 3000,
 "mean_diff_gb_minus_lr": -0.004580043425874622,
 "ci_diff_gb_minus_lr": [
  -0.016531533254937773,
  0.007418886815297239
 ],
 "p_gb_beats_lr": 0.22133333333333333,
 "p_lr_beats_gb": 0.7786666666666666,
 "mean_diff_gb_minus_sb": -0.021887215112813236,
 "p_gb_beats_statsbomb": 0.0026666666666666666
}