{
  "gb_minus_lr_mean": -0.022008732030228653,
  "gb_minus_lr_ci": [
    -0.04867876880341585,
    0.0023227306459628243
  ],
  "p_gb_beats_lr": 0.041,
  "gb_minus_statsbomb_mean": -0.03948888024729982,
  "gb_minus_statsbomb_ci": [
    -0.07100497297197876,
    -0.009297597085262344
  ],
  "p_gb_beats_statsbomb": 0.0036666666666666666,
  "n_bootstrap": 3000
}